,time_id
0,4294
1,24033
2,5666
3,29740
4,22178
5,31984
6,13217
7,31570
8,20351
9,13421
10,13473
11,12011
12,16992
13,9077
14,20135
15,250
16,9664
17,9166
18,4543
19,12523
20,31173
21,18940
22,27071
23,17914
24,16454
25,28993
26,4743
27,24661
28,7818
29,29761
30,6619
31,26308
32,31814
33,28422
34,27857
35,6723
36,1587
37,17387
38,16869
39,18498
40,10480
41,25716
42,12782
43,4377
44,4173
45,2139
46,23054
47,5032
48,21695
49,9021
50,454
51,3465
52,19579
53,24334
54,4958
55,19678
56,9583
57,24010
58,229
59,10349
60,20631
61,2891
62,22616
63,27406
64,14205
65,20581
66,19810
67,4310
68,8615
69,17825
70,3008
71,25772
72,554
73,10220
74,14769
75,18949
76,10682
77,15352
78,14908
79,5497
80,26937
81,10230
82,27467
83,7447
84,19554
85,25680
86,13491
87,15846
88,11886
89,7677
90,4927
91,12957
92,8426
93,18020
94,7854
95,22487
96,21328
97,25163
98,26024
99,1822
100,14977
101,2075
102,19090
103,13124
104,30986
105,26021
106,10070
107,29120
108,18445
109,20196
110,2600
111,12486
112,10938
113,11809
114,18628
115,25570
116,2591
117,5793
118,30512
119,17264
120,5206
121,26450
122,6566
123,20935
124,4031
125,3046
126,20453
127,19495
128,5831
129,14070
130,26903
131,20213
132,4038
133,10701
134,24766
135,468
136,27627
137,31214
138,29494
139,10985
140,8196
141,16500
142,4037
143,9091
144,9030
145,10941
146,30729
147,6428
148,23034
149,21169
150,10969
151,29054
152,18178
153,1249
154,24341
155,15176
156,1529
157,4460
158,10460
159,12965
160,1235
161,18567
162,31071
163,4724
164,20078
165,11487
166,25427
167,23547
168,26603
169,14635
170,22829
171,30334
172,24573
173,19466
174,15693
175,30443
176,25640
177,11952
178,21136
179,23500
180,21139
181,18200
182,22013
183,17210
184,27851
185,6483
186,25234
187,16815
188,15448
189,22495
190,1712
191,7122
192,21716
193,14297
194,11111
195,9914
196,17999
197,17355
198,29507
199,27784
200,18072
201,11898
202,25309
203,3431
204,17707
205,20973
206,23624
207,1875
208,1551
209,4449
210,22899
211,30177
212,17194
213,5910
214,30940
215,7316
216,9890
217,21329
218,16235
219,16031
220,12030
221,31209
222,3017
223,11330
224,18494
225,7373
226,11750
227,19358
228,25437
229,27516
230,16679
231,7343
232,1870
233,22780
234,24396
235,14810
236,13662
237,29965
238,31653
239,13822
240,20234
241,646
242,12141
243,9038
244,30370
245,18692
246,3516
247,29003
248,12222
249,32328
250,5667
251,12537
252,30624
253,22759
254,25197
255,9377
256,303
257,11959
258,13160
259,4654
260,2385
261,31456
262,17169
263,11981
264,6626
265,27247
266,26159
267,10559
268,8664
269,26062
270,8009
271,32547
272,4557
273,11120
274,25176
275,26786
276,25367
277,8271
278,2826
279,8256
280,2433
281,8797
282,15216
283,27795
284,15671
285,1676
286,20837
287,11607
288,5907
289,4293
290,14895
291,12206
292,9687
293,6932
294,11090
295,29252
296,31242
297,1377
298,26841
299,18029
300,24707
301,16823
302,10628
303,26523
304,12135
305,6820
306,23246
307,30999
308,11722
309,7051
310,5987
311,30790
312,29441
313,32126
314,17951
315,17777
316,3233
317,6296
318,19527
319,23017
320,13861
321,26798
322,20551
323,27403
324,7309
325,9302
326,25015
327,1481
328,27970
329,9207
330,14751
331,26720
332,26362
333,4489
334,10000
335,1663
336,8032
337,24871
338,27919
339,5297
340,14004
341,8435
342,5749
343,21020
344,9846
345,17305
346,6434
347,25766
348,19830
349,17161
350,15010
351,12395
352,10840
353,17670
354,18447
355,23708
356,16694
357,745
358,14838
359,11987
360,9381
361,12552
362,6410
363,15934
364,4754
365,22877
366,6909
367,6324
368,5025
369,17109
370,30232
371,25265
372,8747
373,22076
374,27181
375,30896
376,20568
377,14646
378,27527
379,5598
380,5245
381,29337
382,10494
383,27561
384,6613
385,26891
386,17966
387,28126
388,24705
389,12111
390,11589
391,13880
392,14312
393,21995
394,30106
395,28225
396,9940
397,32452
398,14452
399,24253
400,28563
401,3146
402,15042
403,26844
404,1302
405,20810
406,19949
407,3002
408,25687
409,11431
410,13044
411,13354
412,411
413,16575
414,29672
415,2463
416,17239
417,19509
418,19876
419,31338
420,32175
421,25999
422,5458
423,4570
424,12103
425,9993
426,16643
427,9869
428,28868
429,17804
430,25799
431,13971
432,18111
433,8913
434,15759
435,21647
436,22996
437,380
438,12704
439,1658
440,31463
441,12166
442,6085
443,22732
444,15548
445,26837
446,1640
447,5620
448,23049
449,6941
450,26955
451,24728
452,6463
453,24022
454,7151
455,19072
456,18514
457,17975
458,6930
459,29850
460,16880
461,17034
462,31595
463,27307
464,21884
465,1264
466,8934
467,22962
468,16707
469,21116
470,3280
471,18996
472,30987
473,29570
474,15547
475,16774
476,5285
477,9445
478,9960
479,6172
480,23994
481,23765
482,5391
483,20651
484,16089
485,23427
486,3381
487,27162
488,17076
489,11914
490,4201
491,10725
492,26999
493,22169
494,13775
495,4746
496,157
497,31258
498,3596
499,5611
500,1707
501,18479
502,735
503,5934
504,15092
505,23353
506,24894
507,15147
508,28409
509,16676
510,20577
511,19300
512,31949
513,4850
514,7043
515,19999
516,207
517,8085
518,16630
519,25177
520,13646
521,30585
522,20996
523,5803
524,17395
525,27664
526,14278
527,11499
528,589
529,22385
530,2902
531,10364
532,15246
533,8447
534,17989
535,358
536,15647
537,16851
538,30208
539,25918
540,22638
541,28932
542,13948
543,4560
544,12324
545,22893
546,7564
547,7666
548,14389
549,2846
550,6256
551,31601
552,27060
553,10071
554,31609
555,3069
556,24384
557,6029
558,26874
559,25501
560,29240
561,32342
562,10488
563,420
564,25010
565,8518
566,6398
567,25803
568,11504
569,8205
570,19904
571,27581
572,3179
573,1536
574,1797
575,8891
576,24878
577,21645
578,24949
579,25023
580,6914
581,32009
582,5580
583,32466
584,14243
585,18430
586,1813
587,5728
588,17634
589,20434
590,427
591,9674
592,18231
593,19660
594,17644
595,25340
596,19725
597,18748
598,13735
599,3626
600,18565
601,20317
602,20776
603,19453
604,26460
605,5517
606,31528
607,1291
608,1823
609,4762
610,8607
611,30128
612,18656
613,14582
614,26292
615,15883
616,21805
617,1209
618,1722
619,21655
620,9427
621,9779
622,11113
623,19136
624,19262
625,7632
626,10017
627,3138
628,32186
629,4616
630,22455
631,30700
632,15535
633,19697
634,20498
635,28319
636,1191
637,9973
638,21038
639,9557
640,15155
641,13241
642,24572
643,20585
644,28619
645,28292
646,27788
647,24600
648,30974
649,22649
650,17324
651,27514
652,24349
653,1565
654,2956
655,29431
656,8186
657,30720
658,29106
659,5303
660,1063
661,25148
662,23503
663,10088
664,10590
665,27152
666,3587
667,19845
668,14697
669,23201
670,22947
671,29786
672,20785
673,969
674,17181
675,18766
676,4479
677,4155
678,12780
679,11729
680,8618
681,31119
682,31616
683,15529
684,31170
685,20341
686,22106
687,254
688,11062
689,12114
690,5759
691,13417
692,27940
693,13452
694,10546
695,24002
696,12358
697,13838
698,371
699,5787
700,28379
701,1028
702,15960
703,3720
704,12718
705,21659
706,29374
707,18222
708,22928
709,10389
710,4186
711,23792
712,16839
713,10669
714,12987
715,24414
716,24770
717,16093
718,27526
719,4601
720,8647
721,26147
722,27876
723,8224
724,1198
725,2946
726,17791
727,9932
728,29932
729,12751
730,25617
731,6562
732,1744
733,24742
734,31298
735,13039
736,17813
737,26195
738,11700
739,23652
740,30789
741,26387
742,19935
743,17029
744,29380
745,14447
746,24588
747,20843
748,1471
749,326
750,12998
751,10005
752,11052
753,1981
754,6917
755,17167
756,15853
757,1173
758,10250
759,25475
760,14979
761,26693
762,19260
763,9970
764,14564
765,10810
766,9770
767,18640
768,7150
769,29271
770,28380
771,15687
772,17053
773,8070
774,10042
775,8702
776,22697
777,17157
778,16330
779,15491
780,18764
781,24662
782,17390
783,26317
784,5817
785,13851
786,493
787,28596
788,12494
789,31736
790,16428
791,27974
792,20227
793,1161
794,9752
795,27828
796,5496
797,15599
798,14316
799,21602
800,27669
801,26069
802,11686
803,8219
804,27135
805,7162
806,14171
807,1998
808,1135
809,21849
810,13028
811,97
812,6729
813,14125
814,27932
815,28801
816,1459
817,1125
818,9885
819,31689
820,13368
821,6272
822,20418
823,25599
824,15122
825,18224
826,7008
827,26956
828,31046
829,25018
830,9862
831,20128
832,335
833,25488
834,14951
835,841
836,21248
837,3762
838,12726
839,18141
840,14215
841,22973
842,9248
843,25399
844,4667
845,7921
846,20136
847,13382
848,19612
849,24457
850,11279
851,18560
852,15903
853,20214
854,7624
855,20939
856,10806
857,18582
858,6403
859,4013
860,4318
861,8476
862,11940
863,12079
864,11043
865,6074
866,4588
867,16071
868,8222
869,5832
870,10572
871,11035
872,3098
873,30379
874,15139
875,21657
876,31482
877,20086
878,21164
879,30474
880,28429
881,17823
882,19148
883,7992
884,30547
885,23903
886,904
887,16357
888,21428
889,4997
890,27178
891,1674
892,24351
893,4571
894,2312
895,4984
896,10547
897,21886
898,8016
899,4364
900,32131
901,23796
902,22887
903,19873
904,5913
905,26081
906,23464
907,26082
908,3536
909,29791
910,31083
911,10135
912,1280
913,1980
914,5842
915,16999
916,10994
917,19532
918,2979
919,14435
920,10898
921,25993
922,25389
923,14866
924,16696
925,7621
926,31527
927,15521
928,14817
929,9215
930,4457
931,24775
932,18400
933,10703
934,23069
935,24933
936,14501
937,31587
938,9976
939,14924
940,18203
941,25107
942,14504
943,11497
944,31004
945,5417
946,26428
947,15288
948,9759
949,17505
950,32639
951,1930
952,11481
953,24393
954,18427
955,18007
956,22674
957,2917
958,7629
959,13328
960,21398
961,13019
962,3012
963,14276
964,10949
965,21240
966,20827
967,31267
968,20691
969,6961
970,2559
971,2169
972,5510
973,14918
974,27822
975,2566
976,19155
977,3152
978,3396
979,18955
980,12347
981,227
982,17603
983,6139
984,30357
985,11730
986,14442
987,14601
988,18174
989,26813
990,18865
991,23341
992,14721
993,25575
994,26471
995,26099
996,14749
997,23019
998,1227
999,23737
1000,32763
1001,32173
1002,24183
1003,2172
1004,15770
1005,31443
1006,1219
1007,10030
1008,21753
1009,20306
1010,27994
1011,12399
1012,14280
1013,7752
1014,15750
1015,16113
1016,22725
1017,7709
1018,27815
1019,17008
1020,6668
1021,19817
1022,4555
1023,22543
1024,24680
1025,6068
1026,23736
1027,28832
1028,12794
1029,10796
1030,18611
1031,3322
1032,23828
1033,9282
1034,28111
1035,8613
1036,12588
1037,1464
1038,18911
1039,11199
1040,13425
1041,13393
1042,23628
1043,23863
1044,22440
1045,9219
1046,20881
1047,24171
1048,11367
1049,25653
1050,6480
1051,14632
1052,30078
1053,3367
1054,1408
1055,8749
1056,30604
1057,29930
1058,6270
1059,29504
1060,10450
1061,20327
1062,2119
1063,17293
1064,17643
1065,17875
1066,13599
1067,10856
1068,13377
1069,11869
1070,9076
1071,12225
1072,12444
1073,29239
1074,13663
1075,28043
1076,20603
1077,23955
1078,6827
1079,5682
1080,18220
1081,26407
1082,22300
1083,2468
1084,26561
1085,24921
1086,22014
1087,14573
1088,26125
1089,7258
1090,19157
1091,31060
1092,1862
1093,8331
1094,748
1095,266
1096,31155
1097,4371
1098,26042
1099,31412
1100,24725
1101,28770
1102,19483
1103,28534
1104,9787
1105,3469
1106,9222
1107,12996
1108,8636
1109,2892
1110,6617
1111,27569
1112,2573
1113,31322
1114,18180
1115,2782
1116,23351
1117,19390
1118,22627
1119,23794
1120,12839
1121,24868
1122,25641
1123,13771
1124,6082
1125,9748
1126,1365
1127,4032
1128,1719
1129,3884
1130,10781
1131,31836
1132,30125
1133,27012
1134,31359
1135,22064
1136,9343
1137,17809
1138,16637
1139,2410
1140,16147
1141,32182
1142,6134
1143,7811
1144,7310
1145,19053
1146,25730
1147,7716
1148,16200
1149,9275
1150,4264
1151,19274
1152,23834
1153,14111
1154,4518
1155,3025
1156,30641
1157,30384
1158,30730
1159,31701
1160,9001
1161,2748
1162,21053
1163,7758
1164,7237
1165,23220
1166,24470
1167,18595
1168,10035
1169,13872
1170,21243
1171,31068
1172,17838
1173,1513
1174,6166
1175,2193
1176,3797
1177,16624
1178,15319
1179,23290
1180,28328
1181,14561
1182,6976
1183,2076
1184,7567
1185,650
1186,25166
1187,30304
1188,13891
1189,895
1190,8408
1191,13710
1192,24220
1193,20057
1194,13394
1195,29267
1196,32205
1197,17957
1198,4618
1199,26155
1200,10554
1201,16721
1202,9438
1203,22038
1204,23619
1205,21051
1206,13949
1207,19104
1208,12859
1209,24401
1210,11639
1211,27957
1212,8706
1213,12852
1214,7013
1215,26759
1216,16943
1217,1879
1218,23062
1219,9665
1220,8661
1221,19623
1222,14341
1223,25002
1224,23531
1225,2303
1226,3668
1227,21890
1228,4132
1229,21988
1230,13148
1231,18242
1232,17013
1233,10111
1234,17198
1235,25712
1236,4615
1237,21634
1238,11642
1239,13729
1240,32017
1241,6746
1242,23399
1243,32724
1244,12176
1245,25335
1246,26503
1247,7055
1248,16170
1249,25331
1250,29012
1251,28512
1252,20406
1253,16460
1254,11375
1255,13140
1256,6235
1257,21843
1258,1119
1259,25916
1260,30521
1261,7270
1262,19389
1263,535
1264,17506
1265,4587
1266,17179
1267,3886
1268,15038
1269,3686
1270,15291
1271,6782
1272,20630
1273,3160
1274,26586
1275,14080
1276,1158
1277,4603
1278,9114
1279,21307
1280,3640
1281,697
1282,9329
1283,28539
1284,29226
1285,12012
1286,17342
1287,147
1288,30224
1289,6647
1290,5118
1291,23233
1292,25638
1293,29853
1294,24385
1295,19614
1296,21770
1297,1128
1298,16320
1299,20410
1300,17259
1301,25085
1302,12322
1303,31193
1304,16488
1305,18928
1306,15290
1307,7675
1308,14445
1309,23637
1310,16404
1311,23170
1312,30471
1313,31434
1314,11007
1315,10072
1316,17093
1317,2181
1318,30658
1319,24741
1320,23600
1321,159
1322,28775
1323,8168
1324,6939
1325,20405
1326,16556
1327,4226
1328,5124
1329,23299
1330,19531
1331,487
1332,18216
1333,1176
1334,30733
1335,11501
1336,14579
1337,16429
1338,27487
1339,19176
1340,23342
1341,3564
1342,8676
1343,19883
1344,4713
1345,5163
1346,14970
1347,1107
1348,4432
1349,18023
1350,10561
1351,9289
1352,1178
1353,18371
1354,4075
1355,1876
1356,26430
1357,17031
1358,14897
1359,17056
1360,30244
1361,22879
1362,8481
1363,13240
1364,7054
1365,4622
1366,28930
1367,3999
1368,640
1369,23386
1370,32209
1371,24149
1372,17337
1373,26484
1374,11689
1375,8675
1376,10776
1377,3113
1378,27398
1379,4140
1380,15991
1381,19747
1382,28625
1383,25439
1384,4275
1385,16
1386,5829
1387,18634
1388,4487
1389,32590
1390,7845
1391,17530
1392,7783
1393,6846
1394,2178
1395,4034
1396,22946
1397,28122
1398,16118
1399,6121
1400,18822
1401,3622
1402,17872
1403,30050
1404,1040
1405,30416
1406,4910
1407,10523
1408,11579
1409,25190
1410,3732
1411,3607
1412,3404
1413,15989
1414,4630
1415,18794
1416,32676
1417,23030
1418,25347
1419,11985
1420,9935
1421,8859
1422,30794
1423,15727
1424,9060
1425,8708
1426,26599
1427,14487
1428,25179
1429,21777
1430,19365
1431,1273
1432,24989
1433,3414
1434,16312
1435,23836
1436,30791
1437,211
1438,29480
1439,2293
1440,6476
1441,21533
1442,19033
1443,27240
1444,2447
1445,5340
1446,15540
1447,2772
1448,20597
1449,4913
1450,19230
1451,2502
1452,7491
1453,19240
1454,26883
1455,17474
1456,15499
1457,21825
1458,27363
1459,19226
1460,29064
1461,27771
1462,2183
1463,4707
1464,22884
1465,30383
1466,11363
1467,9072
1468,27711
1469,14795
1470,21145
1471,5235
1472,21272
1473,16172
1474,1289
1475,25220
1476,19603
1477,12905
1478,9700
1479,13857
1480,6799
1481,12028
1482,28656
1483,12465
1484,15861
1485,10956
1486,17967
1487,12250
1488,1310
1489,8081
1490,15568
1491,14715
1492,31251
1493,25344
1494,15388
1495,29139
1496,29577
1497,2568
1498,32748
1499,23145
1500,27493
1501,2085
1502,26186
1503,21246
1504,4978
1505,32653
1506,18999
1507,28262
1508,27875
1509,15920
1510,29026
1511,8357
1512,20008
1513,20384
1514,31439
1515,13451
1516,31196
1517,26273
1518,18662
1519,14021
1520,20872
1521,25584
1522,32108
1523,29280
1524,9659
1525,10163
1526,30405
1527,1247
1528,28509
1529,1826
1530,9300
1531,26197
1532,20944
1533,21079
1534,12945
1535,10403
1536,2213
1537,2758
1538,10709
1539,12676
1540,26254
1541,32174
1542,12254
1543,3009
1544,21486
1545,22598
1546,13655
1547,21621
1548,27153
1549,6482
1550,6287
1551,4403
1552,14994
1553,18392
1554,32739
1555,24357
1556,297
1557,13792
1558,1274
1559,31864
1560,17973
1561,8346
1562,28066
1563,213
1564,28572
1565,6342
1566,32155
1567,10206
1568,32330
1569,14926
1570,27361
1571,29296
1572,31157
1573,24589
1574,8211
1575,32299
1576,31497
1577,3737
1578,14305
1579,13626
1580,19923
1581,31279
1582,27020
1583,4470
1584,20862
1585,28761
1586,2424
1587,2582
1588,14247
1589,4431
1590,19651
1591,1909
1592,16706
1593,9640
1594,10642
1595,5400
1596,17295
1597,27977
1598,5153
1599,31202
1600,6494
1601,13707
1602,8822
1603,2014
1604,23488
1605,5139
1606,1416
1607,9501
1608,232
1609,16438
1610,16941
1611,4817
1612,5790
1613,15466
1614,7028
1615,8546
1616,28323
1617,5368
1618,32277
1619,29445
1620,3660
1621,20021
1622,1322
1623,29005
1624,22585
1625,10336
1626,32081
1627,11415
1628,27585
1629,6382
1630,14246
1631,22466
1632,12730
1633,9610
1634,23858
1635,8104
1636,18972
1637,13643
1638,25489
1639,19459
1640,568
1641,24179
1642,16466
1643,17377
1644,26410
1645,3029
1646,32322
1647,19772
1648,6809
1649,16771
1650,25713
1651,12585
1652,9633
1653,15852
1654,5704
1655,26455
1656,8011
1657,16611
1658,16560
1659,4060
1660,11962
1661,10765
1662,22290
1663,23001
1664,17698
1665,6523
1666,2992
1667,24339
1668,11764
1669,11641
1670,8753
1671,30040
1672,11559
1673,3601
1674,3877
1675,24881
1676,4493
1677,11868
1678,5777
1679,7799
1680,15586
1681,8696
1682,6489
1683,6197
1684,7219
1685,22304
1686,18878
1687,30454
1688,23504
1689,14065
1690,2844
1691,3711
1692,25773
1693,8014
1694,14912
1695,17911
1696,16081
1697,26337
1698,6115
1699,11433
1700,18586
1701,31113
1702,27989
1703,25924
1704,11749
1705,7882
1706,31324
1707,31462
1708,29872
1709,31750
1710,18407
1711,7333
1712,9153
1713,21693
1714,26366
1715,23232
1716,7668
1717,2329
1718,17091
1719,5505
1720,17584
1721,24388
1722,29664
1723,31941
1724,25864
1725,1022
1726,31406
1727,10369
1728,30494
1729,17565
1730,17244
1731,20017
1732,25796
1733,23683
1734,5915
1735,31733
1736,11874
1737,29634
1738,2883
1739,14273
1740,18792
1741,1946
1742,10734
1743,32767
1744,29048
1745,6545
1746,1962
1747,30103
1748,25219
1749,27037
1750,27019
1751,22355
1752,12535
1753,13362
1754,31351
1755,12760
1756,22117
1757,1363
1758,12949
1759,18012
1760,19068
1761,13302
1762,28121
1763,8776
1764,25504
1765,28527
1766,1011
1767,8590
1768,12279
1769,10530
1770,6904
1771,14361
1772,11122
1773,4690
1774,1789
1775,13163
1776,29885
1777,22622
1778,16919
1779,17090
1780,123
1781,19994
1782,16526
1783,3323
1784,4400
1785,18960
1786,5678
1787,18682
1788,10040
1789,22392
1790,1810
1791,627
1792,2709
1793,27174
1794,20927
1795,1020
1796,15486
1797,29228
1798,10186
1799,6999
1800,9720
1801,6819
1802,18956
1803,20559
1804,30456
1805,24437
1806,13276
1807,4867
1808,15730
1809,20382
1810,7245
1811,14494
1812,21439
1813,25622
1814,10726
1815,1747
1816,5878
1817,17050
1818,30748
1819,17888
1820,25627
1821,18916
1822,8454
1823,21854
1824,22011
1825,26440
1826,2185
1827,16746
1828,18234
1829,25403
1830,15194
1831,16288
1832,2117
1833,18629
1834,29145
1835,18483
1836,26052
1837,27154
1838,1100
1839,27722
1840,4103
1841,27270
1842,32109
1843,31302
1844,8918
1845,32082
1846,18000
1847,2353
1848,20851
1849,13678
1850,14869
1851,32635
1852,27833
1853,32433
1854,16328
1855,30866
1856,5488
1857,23147
1858,15938
1859,10767
1860,6213
1861,659
1862,25636
1863,19164
1864,1920
1865,5853
1866,325
1867,31077
1868,5916
1869,20430
1870,24443
1871,31554
1872,17315
1873,29362
1874,32693
1875,27246
1876,17695
1877,20336
1878,14319
1879,5470
1880,20064
1881,13533
1882,5305
1883,3957
1884,15462
1885,25876
1886,20063
1887,12021
1888,29246
1889,19385
1890,22695
1891,21466
1892,14077
1893,14572
1894,5314
1895,28499
1896,30134
1897,21267
1898,14093
1899,26997
1900,22666
1901,28244
1902,4849
1903,9198
1904,32376
1905,2929
1906,30350
1907,10827
1908,24701
1909,16910
1910,31789
1911,11786
1912,7194
1913,9518
1914,11844
1915,22193
1916,652
1917,11541
1918,4649
1919,4071
1920,28838
1921,31337
1922,8109
1923,23356
1924,30598
1925,31819
1926,1651
1927,30805
1928,11490
1929,9205
1930,14356
1931,20770
1932,20033
1933,2489
1934,1827
1935,23045
1936,4043
1937,12703
1938,14423
1939,28475
1940,21218
1941,1956
1942,9350
1943,438
1944,31024
1945,12151
1946,13196
1947,2507
1948,23366
1949,14916
1950,16864
1951,20469
1952,14311
1953,13410
1954,8652
1955,8192
1956,12577
1957,12964
1958,13960
1959,18993
1960,17460
1961,28485
1962,32280
1963,14800
1964,2740
1965,6016
1966,4142
1967,11389
1968,3922
1969,2436
1970,18495
1971,11143
1972,4027
1973,7674
1974,15713
1975,20439
1976,16666
1977,7517
1978,465
1979,26555
1980,13762
1981,1787
1982,26204
1983,8974
1984,17626
1985,21094
1986,4737
1987,15836
1988,18545
1989,6070
1990,3987
1991,1016
1992,29941
1993,31433
1994,30692
1995,29448
1996,728
1997,10789
1998,17448
1999,18597
2000,25751
2001,2254
2002,32631
2003,15757
2004,29568
2005,218
2006,10321
2007,21367
2008,24259
2009,16138
2010,19333
2011,18587
2012,109
2013,32692
2014,5193
2015,30328
2016,12546
2017,23212
2018,10264
2019,14105
2020,2219
2021,32463
2022,10899
2023,436
2024,6325
2025,19476
2026,29375
2027,19434
2028,16733
2029,9037
2030,2908
2031,17339
2032,4209
2033,2479
2034,28959
2035,9866
2036,11303
2037,11060
2038,19062
2039,28426
2040,26835
2041,31138
2042,18500
2043,27313
2044,13531
2045,29649
2046,25583
2047,2876
2048,19444
2049,21121
2050,21493
2051,21437
2052,11715
2053,8665
2054,5512
2055,12061
2056,12428
2057,5424
2058,18932
2059,20055
2060,31914
2061,32596
2062,27469
2063,11852
2064,3384
2065,2631
2066,29336
2067,16601
2068,8534
2069,25019
2070,4361
2071,5686
2072,16280
2073,5763
2074,1600
2075,12247
2076,12229
2077,24874
2078,16352
2079,10688
2080,9312
2081,11508
2082,6174
2083,6632
2084,4004
2085,2510
2086,30965
2087,14476
2088,27317
2089,12840
2090,1820
2091,15008
2092,28958
2093,11327
2094,30852
2095,14016
2096,21083
2097,4156
2098,3389
2099,22384
2100,16614
2101,2444
2102,2170
2103,27304
2104,16987
2105,24050
2106,14714
2107,23136
2108,11994
2109,14126
2110,26375
2111,4787
2112,10702
2113,13318
2114,24713
2115,17598
2116,12291
2117,4951
2118,30256
2119,2267
2120,20678
2121,31345
2122,6286
2123,28200
2124,11893
2125,5773
2126,8583
2127,12963
2128,17421
2129,19234
2130,12419
2131,4723
2132,13071
2133,4079
2134,28839
2135,2174
2136,23603
2137,19309
2138,13501
2139,22023
2140,15633
2141,22941
2142,7465
2143,15798
2144,17852
2145,18912
2146,30412
2147,1269
2148,7593
2149,27956
2150,32662
2151,18042
2152,9000
2153,12920
2154,27837
2155,1326
2156,23132
2157,26250
2158,17785
2159,11121
2160,3187
2161,12935
2162,1057
2163,25369
2164,10946
2165,14797
2166,15163
2167,2491
2168,29656
2169,28342
2170,26190
2171,21434
2172,31394
2173,25270
2174,24224
2175,30279
2176,14350
2177,7322
2178,12531
2179,957
2180,4265
2181,5213
2182,25894
2183,10816
2184,2184
2185,2903
2186,3406
2187,25452
2188,22909
2189,26005
2190,15269
2191,9694
2192,13920
2193,20457
2194,23243
2195,3735
2196,10339
2197,4935
2198,840
2199,15772
2200,16040
2201,23630
2202,29548
2203,12266
2204,4257
2205,6850
2206,9448
2207,3092
2208,31327
2209,17606
2210,12408
2211,8611
2212,32654
2213,991
2214,21744
2215,32374
2216,23195
2217,11419
2218,28896
2219,20474
2220,6931
2221,4995
2222,13269
2223,2893
2224,19267
2225,12758
2226,7195
2227,852
2228,25854
2229,16704
2230,7467
2231,13495
2232,595
2233,25668
2234,22277
2235,9564
2236,22263
2237,11655
2238,18262
2239,22166
2240,6356
2241,23892
2242,32361
2243,3484
2244,22822
2245,11804
2246,8585
2247,18844
2248,24120
2249,22447
2250,25250
2251,6528
2252,2999
2253,256
2254,10081
2255,9208
2256,21507
2257,19222
2258,24816
2259,22517
2260,22120
2261,28841
2262,20571
2263,2018
2264,6520
2265,11054
2266,13180
2267,25866
2268,30774
2269,14842
2270,9138
2271,8441
2272,8448
2273,31671
2274,17841
2275,2239
2276,20164
2277,7843
2278,4193
2279,5300
2280,21040
2281,18170
2282,9201
2283,23130
2284,15840
2285,5743
2286,15965
2287,1904
2288,26314
2289,20950
2290,13523
2291,12661
2292,17010
2293,8840
2294,14263
2295,11899
2296,28521
2297,5676
2298,30063
2299,539
2300,16629
2301,2259
2302,753
2303,8659
2304,19499
2305,13936
2306,22217
2307,12633
2308,16793
2309,27910
2310,14619
2311,28898
2312,14740
2313,21300
2314,15685
2315,32686
2316,25616
2317,12930
2318,14464
2319,18808
2320,7747
2321,3908
2322,27534
2323,14547
2324,27985
2325,29592
2326,10433
2327,11296
2328,10610
2329,15185
2330,27978
2331,11096
2332,17987
2333,17885
2334,21732
2335,11041
2336,4385
2337,14813
2338,15872
2339,22498
2340,25761
2341,14913
2342,29824
2343,21445
2344,17676
2345,14730
2346,12717
2347,1462
2348,27891
2349,13187
2350,32473
2351,20460
2352,11178
2353,13279
2354,15894
2355,23768
2356,5978
2357,16489
2358,27013
2359,24034
2360,5173
2361,25150
2362,23658
2363,10793
2364,21446
2365,27481
2366,985
2367,16016
2368,23088
2369,12581
2370,2088
2371,9285
2372,32474
2373,28670
2374,32646
2375,28190
2376,7874
2377,24123
2378,8978
2379,13484
2380,29616
2381,2046
2382,19839
2383,28969
2384,12287
2385,13552
2386,15625
2387,7885
2388,19050
2389,5152
2390,20329
2391,31934
2392,5344
2393,18316
2394,22126
2395,11511
2396,22532
2397,4902
2398,29997
2399,13432
2400,29608
2401,28022
2402,4858
2403,18088
2404,1581
2405,25031
2406,23598
2407,21640
2408,26208
2409,22621
2410,30215
2411,8937
2412,611
2413,13821
2414,15807
2415,20557
2416,5218
2417,28070
2418,21555
2419,31970
2420,18471
2421,20936
2422,19491
2423,30313
2424,13102
2425,6390
2426,30169
2427,13673
2428,28880
2429,22003
2430,23426
2431,10448
2432,7014
2433,6742
2434,17832
2435,1688
2436,22827
2437,22115
2438,29330
2439,3921
2440,12436
2441,18134
2442,23348
2443,4661
2444,13150
2445,22964
2446,15706
2447,12797
2448,1348
2449,11405
2450,26107
2451,26572
2452,31415
2453,4957
2454,17424
2455,6895
2456,10779
2457,14809
2458,18908
2459,5975
2460,4106
2461,7714
2462,1215
2463,30609
2464,12583
2465,3661
2466,31054
2467,7009
2468,1430
2469,25290
2470,25467
2471,30816
2472,7775
2473,4084
2474,9100
2475,28541
2476,22307
2477,9918
2478,13514
2479,14465
2480,17172
2481,17191
2482,32038
2483,11597
2484,4987
2485,12691
2486,5729
2487,5490
2488,30325
2489,21179
2490,13763
2491,5171
2492,20762
2493,13480
2494,17486
2495,9606
2496,32709
2497,3650
2498,22590
2499,14807
2500,27188
2501,19551
2502,128
2503,27757
2504,13868
2505,20715
2506,6928
2507,1427
2508,1991
2509,18919
2510,21301
2511,24880
2512,30657
2513,23819
2514,14088
2515,12542
2516,25118
2517,26538
2518,23536
2519,20268
2520,5648
2521,26336
2522,32758
2523,13968
2524,19493
2525,15061
2526,13159
2527,23179
2528,23520
2529,22671
2530,10849
2531,14235
2532,25580
2533,3108
2534,22794
2535,9972
2536,22026
2537,28484
2538,12420
2539,21203
2540,26830
2541,19977
2542,30210
2543,25301
2544,19625
2545,1532
2546,16086
2547,16816
2548,29429
2549,27194
2550,25560
2551,12694
2552,6979
2553,32200
2554,24078
2555,7260
2556,10311
2557,8950
2558,7249
2559,32680
2560,25355
2561,20199
2562,6771
2563,310
2564,16792
2565,289
2566,11726
2567,23417
2568,29889
2569,21099
2570,5401
2571,32736
2572,26562
2573,23940
2574,19629
2575,4159
2576,15824
2577,4991
2578,10964
2579,24730
2580,20499
2581,3427
2582,29515
2583,6592
2584,2392
2585,16745
2586,2146
2587,28078
2588,3373
2589,22825
2590,10209
2591,30638
2592,25030
2593,27208
2594,13983
2595,2780
2596,11475
2597,25863
2598,27015
2599,14982
2600,10171
2601,24997
2602,28256
2603,28820
2604,5113
2605,633
2606,18967
2607,15525
2608,24402
2609,8825
2610,20255
2611,17227
2612,25351
2613,2415
2614,886
2615,29802
2616,16127
2617,12163
2618,11860
2619,27215
2620,29171
2621,22067
2622,27092
2623,16240
2624,5056
2625,15982
2626,3580
2627,14169
2628,22542
2629,10123
2630,21368
2631,21897
2632,11941
2633,8191
2634,17837
2635,23958
2636,26873
2637,13235
2638,1728
2639,2458
2640,23873
2641,28395
2642,6696
2643,18491
2644,17727
2645,22188
2646,24161
2647,21431
2648,8353
2649,12423
2650,14995
2651,6925
2652,19639
2653,8779
2654,19147
2655,30824
2656,15644
2657,18236
2658,27593
2659,24101
2660,26672
2661,7107
2662,8044
2663,26678
2664,19636
2665,25683
2666,7478
2667,14648
2668,15966
2669,29943
2670,32470
2671,8190
2672,23972
2673,23579
2674,13900
2675,10326
2676,15132
2677,1037
2678,6836
2679,12139
2680,16479
2681,22441
2682,24131
2683,591
2684,16519
2685,28779
2686,28757
2687,21848
2688,5809
2689,16699
2690,12666
2691,5944
2692,25274
2693,15335
2694,16017
2695,26488
2696,18247
2697,16367
2698,3931
2699,5141
2700,15908
2701,17876
2702,5149
2703,4962
2704,12498
2705,13305
2706,12822
2707,10751
2708,21911
2709,19154
2710,13398
2711,24535
2712,20550
2713,15595
2714,16660
2715,20914
2716,23962
2717,17949
2718,5249
2719,14483
2720,7213
2721,7764
2722,1404
2723,20734
2724,3655
2725,5539
2726,6822
2727,2932
2728,4627
2729,13097
2730,27416
2731,6599
2732,25844
2733,23566
2734,17328
2735,2534
2736,26862
2737,3327
2738,3567
2739,19034
2740,21734
2741,23462
2742,26707
2743,29880
2744,15627
2745,31861
2746,16900
2747,29990
2748,25094
2749,22042
2750,32750
2751,12579
2752,19799
2753,8667
2754,9737
2755,579
2756,725
2757,4138
2758,29046
2759,28737
2760,9164
2761,16948
2762,3531
2763,18600
2764,8442
2765,21685
2766,3836
2767,17870
2768,1563
2769,10191
2770,21906
2771,27158
2772,5795
2773,19606
2774,30527
2775,2125
2776,18831
2777,11775
2778,19815
2779,14836
2780,1761
2781,24198
2782,10608
2783,20415
2784,17217
2785,2086
2786,26607
2787,7367
2788,11152
2789,25474
2790,5904
2791,22898
2792,4869
2793,31133
2794,951
2795,2196
2796,16192
2797,17522
2798,4414
2799,15818
2800,15035
2801,13567
2802,5532
2803,21920
2804,18212
2805,11887
2806,7261
2807,17058
2808,1841
2809,2102
2810,3552
2811,5063
2812,2803
2813,2006
2814,15746
2815,24085
2816,21891
2817,25108
2818,25282
2819,28697
2820,12878
2821,21934
2822,25334
2823,27622
2824,26771
2825,4695
2826,26388
2827,29590
2828,14754
2829,18742
2830,10932
2831,3486
2832,6777
2833,14752
2834,9465
2835,13602
2836,19294
2837,21718
2838,26400
2839,24178
2840,4302
2841,12352
2842,5239
2843,675
2844,26938
2845,26191
2846,22749
2847,28217
2848,24929
2849,21883
2850,20782
2851,23312
2852,17617
2853,11351
2854,7374
2855,27511
2856,27288
2857,24073
2858,25815
2859,3694
2860,12991
2861,7653
2862,18059
2863,17078
2864,16374
2865,29871
2866,23028
2867,32247
2868,28449
2869,26307
2870,29828
2871,17398
2872,29793
2873,16811
2874,1938
2875,15341
2876,8524
2877,27868
2878,3135
2879,27457
2880,25754
2881,20225
2882,18351
2883,9311
2884,3445
2885,31156
2886,29149
2887,2657
2888,20326
2889,273
2890,19528
2891,11325
2892,18177
2893,32614
2894,21344
2895,11184
2896,20858
2897,20445
2898,30023
2899,4714
2900,27095
2901,14279
2902,26277
2903,3457
2904,26973
2905,20408
2906,8763
2907,12834
2908,21208
2909,18129
2910,16271
2911,12115
2912,9194
2913,12309
2914,18109
2915,17903
2916,28992
2917,10461
2918,29302
2919,18082
2920,23217
2921,13500
2922,19765
2923,5976
2924,30225
2925,16753
2926,9819
2927,26447
2928,9493
2929,868
2930,27127
2931,506
2932,1477
2933,1923
2934,10661
2935,29842
2936,2010
2937,20953
2938,11374
2939,15280
2940,4797
2941,4158
2942,15400
2943,10150
2944,25813
2945,2374
2946,2545
2947,24473
2948,319
2949,6854
2950,16304
2951,26613
2952,7444
2953,7883
2954,18836
2955,8554
2956,1541
2957,4889
2958,7745
2959,15703
2960,1142
2961,25731
2962,11792
2963,22262
2964,20790
2965,22635
2966,21326
2967,15048
2968,22047
2969,25025
2970,30492
2971,31627
2972,22496
2973,908
2974,62
2975,14218
2976,19281
2977,32083
2978,27846
2979,29746
2980,10689
2981,5756
2982,20673
2983,16103
2984,12481
2985,9190
2986,11056
2987,23524
2988,12611
2989,27964
2990,32046
2991,14183
2992,28401
2993,7679
2994,20132
2995,32235
2996,22824
2997,14326
2998,11735
2999,13586
3000,6693
3001,17428
3002,21834
3003,24817
3004,24590
3005,4851
3006,19597
3007,7124
3008,11864
3009,20084
3010,6859
3011,25483
3012,14054
3013,23751
3014,30312
3015,27890
3016,3721
3017,23112
3018,7821
3019,24318
3020,7884
3021,12728
3022,25059
3023,22377
3024,27810
3025,17491
3026,1000
3027,4388
3028,23780
3029,3033
3030,2077
3031,6740
3032,8718
3033,2104
3034,746
3035,18534
3036,19699
3037,28881
3038,15858
3039,7212
3040,23337
3041,22907
3042,20900
3043,22079
3044,18358
3045,12559
3046,22519
3047,31
3048,6367
3049,19386
3050,1255
3051,19472
3052,31719
3053,6481
3054,26475
3055,12348
3056,19180
3057,8662
3058,15209
3059,7897
3060,20099
3061,9456
3062,28186
3063,13594
3064,21391
3065,10100
3066,15742
3067,2197
3068,27168
3069,17429
3070,8360
3071,32245
3072,23153
3073,5658
3074,26864
3075,6145
3076,15765
3077,32053
3078,5302
3079,11243
3080,14416
3081,32033
3082,11876
3083,19489
3084,22922
3085,13598
3086,29089
3087,8587
3088,17983
3089,12299
3090,11248
3091,9186
3092,1544
3093,24879
3094,2439
3095,27289
3096,15173
3097,19265
3098,4069
3099,8938
3100,6944
3101,24795
3102,12411
3103,22501
3104,30803
3105,1890
3106,19428
3107,27339
3108,23821
3109,29972
3110,16649
3111,16289
3112,23405
3113,2390
3114,2567
3115,7458
3116,15433
3117,15689
3118,15344
3119,19735
3120,23750
3121,22331
3122,20563
3123,18944
3124,13350
3125,2717
3126,5601
3127,5706
3128,21074
3129,10491
3130,14549
3131,20435
3132,9146
3133,19542
3134,6607
3135,30250
3136,10291
3137,17363
3138,2659
3139,17762
3140,1075
3141,4613
3142,381
3143,5101
3144,12584
3145,25087
3146,4052
3147,28676
3148,12065
3149,1242
3150,9123
3151,31306
3152,2881
3153,6089
3154,31059
3155,18739
3156,31944
3157,32461
3158,32352
3159,6568
3160,27619
3161,27149
3162,3961
3163,18848
3164,545
3165,20127
3166,10243
3167,7686
3168,23228
3169,2199
3170,15517
3171,6020
3172,5444
3173,3685
3174,16570
3175,7566
3176,15063
3177,15637
3178,1380
3179,17708
3180,5609
3181,24157
3182,30498
3183,31522
3184,11812
3185,22159
3186,3846
3187,29716
3188,16802
3189,13737
3190,14623
3191,27854
3192,20995
3193,947
3194,31144
3195,28371
3196,11048
3197,854
3198,16499
3199,23642
3200,15353
3201,27799
3202,22798
3203,21931
3204,32249
3205,2969
3206,29823
3207,24048
3208,5421
3209,13436
3210,5816
3211,17070
3212,18425
3213,5480
3214,14510
3215,8068
3216,1501
3217,22750
3218,17946
3219,9988
3220,317
3221,3328
3222,5356
3223,20826
3224,2833
3225,3291
3226,1433
3227,3044
3228,13798
3229,5958
3230,6102
3231,15907
3232,7251
3233,26595
3234,7041
3235,2644
3236,7545
3237,17490
3238,5513
3239,2466
3240,20172
3241,11059
3242,7518
3243,16877
3244,5347
3245,1524
3246,14420
3247,8773
3248,1359
3249,18959
3250,13324
3251,19915
3252,15697
3253,26152
3254,16431
3255,7217
3256,11904
3257,17578
3258,15715
3259,9496
3260,32712
3261,20796
3262,20644
3263,26905
3264,23156
3265,3804
3266,11227
3267,22914
3268,8298
3269,14061
3270,13096
3271,9797
3272,20945
3273,12131
3274,2982
3275,31055
3276,26222
3277,32751
3278,20972
3279,31097
3280,9067
3281,4329
3282,29138
3283,13941
3284,13912
3285,10113
3286,7005
3287,6679
3288,337
3289,13321
3290,2525
3291,12234
3292,23823
3293,24143
3294,29150
3295,15271
3296,23274
3297,30793
3298,1417
3299,19255
3300,14001
3301,10045
3302,1463
3303,11137
3304,11081
3305,19373
3306,15904
3307,23254
3308,4266
3309,22766
3310,20271
3311,22008
3312,3378
3313,13018
3314,5266
3315,23317
3316,4067
3317,4547
3318,21888
3319,17247
3320,23724
3321,21404
3322,32219
3323,14906
3324,9967
3325,29517
3326,29775
3327,32119
3328,13650
3329,12669
3330,29644
3331,6177
3332,26106
3333,4477
3334,31303
3335,21364
3336,18701
3337,1149
3338,18402
3339,9281
3340,3154
3341,19729
3342,25089
3343,13595
3344,5407
3345,14886
3346,7180
3347,30013
3348,17971
3349,2118
3350,30376
3351,5825
3352,11318
3353,21148
3354,9279
3355,18218
3356,19204
3357,31269
3358,19488
3359,10987
3360,16978
3361,5164
3362,18147
3363,18507
3364,29554
3365,31034
3366,785
3367,31854
3368,25525
3369,15186
3370,25619
3371,9431
3372,24754
3373,26522
3374,32753
3375,28002
3376,24717
3377,7277
3378,22289
3379,3974
3380,27003
3381,3270
3382,10934
3383,14733
3384,29614
3385,6940
3386,11070
3387,6643
3388,19417
3389,5872
3390,13745
3391,23967
3392,4739
3393,28020
3394,14857
3395,25131
3396,11
3397,30798
3398,2811
3399,29583
3400,3399
3401,17639
3402,23202
3403,12437
3404,31656
3405,13989
3406,11953
3407,1239
3408,1070
3409,14422
3410,4072
3411,25745
3412,5020
3413,25654
3414,6445
3415,7837
3416,3703
3417,28745
3418,15239
3419,11449
3420,4905
3421,8101
3422,22133
3423,3223
3424,9243
3425,6065
3426,26020
3427,13316
3428,13488
3429,2593
3430,6114
3431,14177
3432,20083
3433,31404
3434,2037
3435,27094
3436,6108
3437,26806
3438,12904
3439,24398
3440,27939
3441,25755
3442,16402
3443,19690
3444,5629
3445,10421
3446,18393
3447,8117
3448,15516
3449,30276
3450,24497
3451,27182
3452,13529
3453,373
3454,4219
3455,20323
3456,17820
3457,9160
3458,28983
3459,7460
3460,22405
3461,32048
3462,29676
3463,22678
3464,31380
3465,1816
3466,29944
3467,14079
3468,21990
3469,28210
3470,13513
3471,32690
3472,32597
3473,11682
3474,27120
3475,26804
3476,18142
3477,27427
3478,20732
3479,29692
3480,169
3481,25569
3482,12713
3483,7418
3484,9822
3485,25318
3486,1213
3487,6274
3488,24523
3489,15906
3490,25551
3491,28877
3492,31714
3493,10745
3494,31320
3495,6076
3496,23656
3497,424
3498,309
3499,17604
3500,28963
3501,23144
3502,11872
3503,29219
3504,25357
3505,17955
3506,18509
3507,22828
3508,16149
3509,17569
3510,19626
3511,11920
3512,7200
3513,5392
3514,10929
3515,27278
3516,4774
3517,23639
3518,709
3519,72
3520,10633
3521,32534
3522,26944
3523,26494
3524,6823
3525,31018
3526,6648
3527,7133
3528,11995
3529,16831
3530,25463
3531,9064
3532,29875
3533,5046
3534,1321
3535,16282
3536,23265
3537,2711
3538,31883
3539,1350
3540,21239
3541,3333
3542,15823
3543,19580
3544,6815
3545,30620
3546,30327
3547,15276
3548,18653
3549,9889
3550,26868
3551,22081
3552,4091
3553,30430
3554,18728
3555,11453
3556,7864
3557,10619
3558,5
3559,22752
3560,31471
3561,30183
3562,26708
3563,9352
3564,1205
3565,32254
3566,1866
3567,14234
3568,14629
3569,5929
3570,10708
3571,13010
3572,4367
3573,27962
3574,23226
3575,30597
3576,11440
3577,24014
3578,17193
3579,22903
3580,13986
3581,10672
3582,15418
3583,31347
3584,26568
3585,3955
3586,1392
3587,28267
3588,27014
3589,15845
3590,9936
3591,5232
3592,2366
3593,26886
3594,11393
3595,30272
3596,30750
3597,21601
3598,7572
3599,13207
3600,2331
3601,12073
3602,2058
3603,18502
3604,27496
3605,25429
3606,15131
3607,2683
3608,27042
3609,6585
3610,6144
3611,27595
3612,23185
3613,26752
3614,5932
3615,536
3616,12532
3617,7743
3618,32611
3619,22249
3620,19271
3621,3758
3622,31572
3623,13614
3624,17570
3625,9367
3626,11263
3627,14285
3628,12981
3629,146
3630,2109
3631,30303
3632,29906
3633,23490
3634,19871
3635,16511
3636,26606
3637,2643
3638,8750
3639,31266
3640,12102
3641,8721
3642,3513
3643,3001
3644,32012
3645,30908
3646,29974
3647,16504
3648,29819
3649,27752
3650,6493
3651,6631
3652,24127
3653,32649
3654,13503
3655,12147
3656,13294
3657,11264
3658,31236
3659,8365
3660,20928
3661,7369
3662,26763
3663,17265
3664,19955
3665,13560
3666,23486
3667,8459
3668,18205
3669,3211
3670,27886
3671,13720
3672,22548
3673,2000
3674,26788
3675,31254
3676,16594
3677,14738
3678,1292
3679,6316
3680,152
3681,4844
3682,6657
3683,13699
3684,4131
3685,25639
3686,11577
3687,21103
3688,29037
3689,9947
3690,32134
3691,17112
3692,10262
3693,7548
3694,30341
3695,20265
3696,12533
3697,10616
3698,7512
3699,25879
3700,28354
3701,21614
3702,2440
3703,32255
3704,9735
3705,31047
3706,31874
3707,16507
3708,9396
3709,14928
3710,817
3711,1468
3712,8744
3713,6217
3714,3318
3715,17378
3716,32746
3717,12178
3718,26849
3719,30366
3720,1521
3721,6906
3722,3130
3723,26091
3724,27543
3725,13980
3726,17117
3727,6965
3728,26889
3729,15584
3730,30569
3731,103
3732,12182
3733,18077
3734,32704
3735,27524
3736,2867
3737,7909
3738,12923
3739,20491
3740,14976
3741,28634
3742,21373
3743,30339
3744,10105
3745,15393
3746,27981
3747,18285
3748,13928
3749,26168
3750,14909
3751,10892
3752,21024
3753,28474
3754,9266
3755,17454
3756,14449
3757,25277
3758,31389
3759,9887
3760,17672
3761,20669
3762,25971
3763,5425
3764,4089
3765,3962
3766,19512
3767,11151
3768,22912
3769,25359
3770,2656
3771,1948
3772,8573
3773,15728
3774,6730
3775,14176
3776,29947
3777,31348
3778,16731
3779,30212
3780,5846
3781,12521
3782,21762
3783,6359
3784,26578
3785,9096
3786,22513
3787,8623
3788,23423
3789,23539
3790,5663
3791,17528
3792,32240
3793,2718
3794,2553
3795,24021
3796,9028
3797,29679
3798,22427
3799,28635
3800,13791
3801,19647
3802,2136
3803,26170
3804,19065
3805,28192
3806,17120
3807,618
3808,25312
3809,18184
3810,21658
3811,25338
3812,31402
3813,7759
3814,3123
3815,31331
3816,13627
3817,24406
3818,18703
3819,2027
3820,28837
3821,10604
3822,11718
3823,13579
3824,10455
3825,24913
3826,32195
3827,15365
3828,10890
3829,29316
